17337377;de
17235098;que
14749840;no
12011733;a
10978671;la
9043009;el
8667317;es
8295424;y
8225083;en
8132364;lo
7109991;un
5469544;por
4921674;me
4757639;una
4062040;qué
4019934;te
3750287;los
3746044;con
3651371;se
3500701;â
3338962;para
2792569;mi
2740489;pero
2718745;está
2675738;si
2373249;su
2338993;las
2034656;tu
1941927;yo
1938085;al
1926481;del
1867106;como
1841417;eso
1798465;le
1469353;sí
1365959;ya
1365690;estoy
1328505;muy
1325129;más
1296330;hay
1277590;todo
1175904;esta
1167414;ha
1166145;tengo
1164714;nos
1133636;o
1047262;bien
1028252;tiene
1022865;cuando
1000164;esto
994080;algo
980900;estás
966123;este
964940;bueno
961384;cómo
958794;soy
948841;puedo
941345;quiero
925952;ahora
904791;he
902605;ser
891318;fue
863396;así
846989;tú
837858;son
837416;aquí
834840;tienes
832499;porque
829259;era
818126;vamos
765530;sólo
763639;eres
761173;hacer
758702;ese
734445;todos
726795;puede
723013;voy
710731;sé
703551;creo
696365;estã
692936;estaba
689619;solo
680952;esa
662761;sus
656868;ella
651031;vez
649264;sabes
649090;tenemos
648919;quã
641035;n
638797;él
633520;s
630225;va
615583;nada
613482;quién
606464;tan
603716;quieres
601271;dónde
596528;dos
591712;entonces
589472;puedes
587679;nunca
576113;hace
572577;sobre
567887;sin
557701;has
532052;están
522363;ni
504647;hasta
496463;estamos
492027;alguien
480252;ver
472361;mucho
469972;mejor
467280;estar
454630;mis
439135;usted
423771;decir
421615;oh
414303;otra
406150;dios
403506;les
402932;gracias
397280;siempre
396043;antes
393933;ir
388696;uno
387979;tal
387173;quiere
387059;parece
381603;hola
380824;hombre
380178;tiempo
372598;podemos
372372;siento
369599;vas
369320;sea
367037;mira
363463;poco
360159;gente
352279;cosas
351699;casa
347634;necesito
347349;dijo
346530;podría
346134;tus
345930;han
345734;nadie
345246;hablar
340466;desde
334673;hecho
328394;también
323111;tener
308911;estado
308232;donde
300297;favor
298583;tipo
296089;ahí
294763;otro
293294;mã
289769;gran
286464;vida
282892;nuestro
282654;fuera
278871;sabe
278784;buen
275265;sido
275123;tenía
274891;menos
267735;trabajo
264907;crees
263177;tienen
258938;buena
256883;haber
255757;después
255334;nuestra
255130;día
254775;tres
254324;toda
252582;había
250705;todas
249288;luego
247752;oye
247457;dice
245625;dije
244484;debe
242411;ellos
241686;sã­
237015;cada
236453;seguro
236003;cã
234441;hemos
233724;lugar
232818;ti
232530;nosotros
230626;mismo
229729;alguna
228844;claro
228191;mí
228175;sã
228100;padre
227001;será
226625;gusta
225561;estas
221903;años
221604;pasa
220945;haciendo
219850;verdad
218716;aún
214744;quería
212248;noche
210340;saber
209775;esos
208767;mundo
207477;unos
207247;parte
204298;quien
202553;señor
202067;ve
200039;espera
199041;cosa
198918;van
198654;somos
197860;visto
194188;dinero
193595;realmente
193336;hijo
191748;quizá
190866;entre
189553;debo
189464;estos
188361;hizo
188069;ven
185198;pueden
184786;nombre
184625;mujer
181171;debería
180188;madre
179799;acuerdo
177891;pues
177514;demasiado
177055;algún
176786;cualquier
176756;nuevo
175096;os
173177;ã
172772;mientras
171326;momento
170776;muchas
170751;amigo
170326;digo
170063;esas
168298;dã
163198;tanto
162913;buenas
162348;veces
162034;ustedes
161994;salir
161629;hora
160115;siquiera
160067;casi
159190;iba
157860;contra
157493;vale
157167;significa
156999;hoy
156999;deja
156282;importa
155703;dicho
155643;cuál
155234;mo
153046;primera
151985;nueva
151812;haces
150051;veo
149569;sería
149149;debes
149084;forma
148098;durante
146308;pensé
145597;da
145517;mal
144400;hacia
144177;e
144088;dejar
143518;volver
143329;idea
140316;necesitamos
139684;hombres
139082;seã
138634;cuánto
137861;todavía
135912;asã­
135588;debemos
135517;cuenta
135492;mañana
133115;vaya
132785;sigue
132436;dijiste
131737;hice
131046;chica
131020;sabía
130532;haya
130175;vi
129997;cinco
129578;aquã­
129156;nuestros
128807;caso
128738;días
128592;mamá
128463;espero
127606;supongo
127574;mierda
127552;ah
127146;allí
126647;ninguna
126161;tãº
125498;bajo
125163;papá
125137;necesita
124628;personas
124611;pasado
123563;buenos
123524;quieren
123269;encontrar
121572;déjame
120545;justo
120329;tomar
119824;quizás
119747;ves
119252;ningún
118675;dame
117947;problema
117660;familia
117533;hablando
117495;llama
116302;maldita
115674;unas
115588;único
115541;chicos
115269;policía
115107;bastante
115007;pasar
114303;primer
113527;hacerlo
113020;algunos
112964;cree
112862;aunque
112514;l
112502;poder
112377;sabemos
111720;hubiera
110962;lado
110937;deberías
110847;chico
110769;realidad
110569;llegar
110528;fui
109303;dentro
107951;cuatro
107863;quiã
107816;amigos
107681;pueda
106890;viene
106769;persona
106719;i
106471;algunas
106436;equipo
106173;gustaría
106158;necesitas
105434;estabas
104227;muchos
104225;cuándo
103238;primero
103234;fin
103126;par
102415;dar
102122;habla
101414;historia
101359;última
101145;nde
101060;otros
100311;manera
100264;punto
100184;maldito
100163;esté
100050;pasó
100049;hermano
99815;trata
99420;estuvo
99166;agente
99122;venir
99091;tenido
98824;tuve
98618;amor
98311;razón
98115;hago
97606;clase
96759;saben
96596;eran
95928;incluso
95689;cabeza
95329;toma
95069;hiciste
94417;semana
94411;igual
93425;escucha
93268;dices
93245;probablemente
92942;pensar
92318;manos
92202;cerca
91753;dime
89998;podrías
89869;the
89507;ciudad
89194;seis
88863;cuã
88583;mas
88518;aã
88442;esposa
88248;hagas
88076;horas
87975;única
87949;fueron
87711;puerta
87322;conozco
87190;siendo
86802;misma
86710;seguir
86624;dio
86566;conmigo
86508;vete
86407;hacen
86364;feliz
85966;haré
85865;suerte
85449;camino
85398;contigo
85133;tarde
84959;año
84957;entrar
84742;dicen
84515;mucha
84337;problemas
84205;venga
84174;importante
83786;lleva
83708;haga
83568;nuestras
83388;tenga
83320;viejo
83299;estaban
83259;queda
83189;supuesto
82741;deberíamos
82712;matar
82696;trabajar
82691;creer
82643;pronto
82541;podía
82455;diablos
82068;acaba
82035;di
81963;hey
81893;hija
81782;pequeño
81649;cuanto
81532;estará
81367;suena
80736;ayuda
79701;jefe
79635;medio
79600;simplemente
78973;cierto
78760;minutos
78666;sangre
78275;auto
78178;cara
77794;queremos
77741;diciendo
77626;vino
77529;niños
77470;tuvo
77466;tío
77244;exactamente
77112;tambiã
76775;entiendo
76759;número
76614;demonios
76600;iré
76549;diez
76483;buscando
75791;usar
75755;muerte
75622;acabo
75554;conseguir
75538;habría
75390;acerca
74960;mujeres
74636;vivir
74585;además
74498;llamar
73823;poner
73254;difícil
73236;allá
73100;digas
73072;ojos
73027;suficiente
72861;cuerpo
72737;fiesta
72537;buscar
72501;haz
72423;lista
72191;guerra
71927;seguridad
71444;cual
71399;tampoco
71329;mano
71069;tratando
71023;último
70906;mayor
70573;oportunidad
70562;dado
69240;agua
69219;otras
69214;dile
69168;culpa
68977;llevar
68843;grande
68497;niño
68406;vuelta
68306;piensa
68013;seas
67551;juego
67504;supone
67487;pensando
67443;comida
67400;capitán
67390;you
67322;miedo
66903;cuidado
66447;final
66256;hacemos
65826;adónde
65799;mío
65739;estuve
65662;habrá
65294;llamado
65246;eh
64925;pregunta
64902;padres
64887;falta
64834;diré
64824;mala
64794;señora
64254;resto
64139;serio
64137;podríamos
64087;plan
63960;chicas
63783;vuelve
63740;puta
63382;oficina
63341;ay
63121;esperar
63111;comer
62686;arma
62677;deben
62598;segundo
62591;listo
62324;llamo
62278;juntos
62234;meses
62188;pienso
61826;millones
61559;recuerdo
61350;hermana
61230;palabra
61066;oído
61043;trabajando
60672;tras
60541;muerto
60380;doctor
60218;cariño
59934;vemos
59927;darle
59814;niã
59714;john
59469;estaré
59437;tierra
58989;ido
58954;conoces
58919;segura
58517;detrás
58081;hijos
58016;sistema
57963;prueba
57926;información
57888;presidente
57845;creí
57627;jack
57570;rápido
57515;puesto
57425;ayudar
57388;mil
57329;pequeña
57277;joven
57004;jugar
56997;fuiste
56951;perder
56743;peor
56715;viste
56655;pasando
56537;paso
56380;decirle
56024;asunto
55950;eras
55941;grandes
55820;trato
55445;sino
55367;haría
55234;lamento
55186;vio
55175;noches
55150;llamada
55121;empezar
55070;venido
54941;orden
54898;coche
54847;mitad
54797;odio
54796;escuela
54790;pudo
54789;sitio
54747;esperando
54341;arriba
54322;dejó
54194;hubo
54165;posible
54107;corazón
54086;malo
54052;encanta
54012;sentido
53841;io
53757;cambiar
53626;diga
53544;ambos
53409;tenías
53344;piensas
53292;quédate
53275;teléfono
53095;propia
52677;armas
52620;gustan
52518;hará
52496;cuarto
52429;jamás
52307;derecho
52294;éste
52217;propio
52168;grupo
51843;luz
51649;modo
51563;frente
51553;estaría
51450;fuerte
51005;rey
50973;llevo
50877;genial
50745;mejores
50616;siente
50506;adiós
50185;libro
50180;fácil
50056;recuerdas
49852;murió
49840;t
49806;asesino
49771;is
49762;lejos
49723;tengas
49713;general
49628;das
49521;haremos
49512;perdido
49473;estábamos
49438;sentir
49238;comprar
49196;decirte
48801;preocupes
48792;traje
48627;alto
48497;recuerda
48438;mató
48376;mire
48339;morir
48327;control
48313;quisiera
48065;dijeron
47897;ropa
47656;dan
47647;vive
47346;conoce
47285;serã
47226;podrã­a
47041;dólares
46922;intentando
46906;cambio
46867;gusto
46702;amo
46685;vine
46624;calle
46565;vivo
46533;miren
46398;tendremos
46378;nave
46352;adelante
46288;ahã­
46165;encontrado
46129;pensaba
45929;encontré
45851;loco
45841;pagar
45803;sean
45711;sale
45678;sexo
45677;sola
45626;siete
45509;centro
45471;viaje
45309;tipos
45236;hablo
45228;pude
45173;oficial
45160;próxima
45124;tendrás
44986;sacar
44856;trabaja
44693;perro
44661;caja
44637;creen
44580;sal
44328;ten
44310;temo
44244;totalmente
44207;semanas
44184;salvar
44093;to
44006;ok
43980;bebé
43946;mensaje
43923;pueblo
43903;sala
43852;estés
43791;tendrá
43639;preguntas
43504;salió
43444;habitación
43407;mantener
43199;programa
43150;ésta
42986;amiga
42928;decirme
42871;según
42859;llegó
42843;verte
42814;hicieron
42790;abajo
42679;completamente
42430;uh
42305;encima
42269;pobre
42207;doy
42180;junto
42175;alegro
42137;especial
42116;dejado
42108;podrían
42090;trae
42030;ganar
41957;hablas
41858;intento
41854;apenas
41833;marido
41766;michael
41673;montón
41611;fuerza
41423;duro
41384;dale
41332;pruebas
41325;maã
41187;ocho
41183;pone
41131;noticias
41073;campo
40988;cuántos
40942;dormir
40941;don
40869;palabras
40823;puso
40768;basta
40733;ataque
40731;terminar
40659;busca
40629;pudiera
40613;encontramos
40573;largo
40461;pase
40460;sientes
40424;vuelto
40399;baja
40289;aun
40230;necesitan
40072;ãl
40053;hospital
39947;media
39945;despuã
39897;deje
39834;foto
39804;iremos
39736;verdadero
39689;alegra
39670;través
39497;ei
39497;quise
39440;anoche
39387;voz
39337;quizã
39333;siguiente
39263;cualquiera
39260;tenã­a
39141;país
39109;hablamos
39106;atrás
39091;contacto
39085;negocio
39073;segunda
39041;or
39017;departamento
38847;podamos
38845;tendré
38803;querido
38746;excepto
38721;servicio
38712;línea
38696;dã­a
38492;abre
38441;veré
38358;afuera
38356;encuentra
38025;gobierno
38004;sigues
37952;daré
37945;querías
37782;diría
37700;placer
37627;mã­
37568;sam
37455;pido
37411;ante
37377;anda
37314;funciona
37313;confiar
37297;quieras
37295;quiera
37191;estuviera
37161;viendo
37159;san
37144;ex
37139;ninguno
37070;película
36990;usa
36977;m
36915;apuesto
36811;libre
36731;conocer
36681;llegado
36676;escuchar
36652;âª
36635;raro
36629;fotos
36618;habã­a
36594;hacía
36571;vienen
36461;tienda
36457;carajo
36440;cama
36427;boca
36374;pena
36251;relación
36219;fuego
36184;alrededor
36150;ése
36143;abogado
36065;detective
36027;aire
36024;llamó
35963;negro
35944;respuesta
35933;puedas
35873;niña
35664;creía
35524;ayer
35514;hayas
35476;cita
35474;estaremos
35456;dolor
35445;hicimos
35427;futuro
35366;compañía
35352;situación
35323;d
35276;darte
35199;hacerte
35081;mente
35004;capaz
34997;hablado
34994;señorita
34979;club
34930;cierra
34921;novia
34911;llega
34745;edad
34708;mayoría
34653;tendría
34607;salvo
34579;tuvimos
34506;peter
34451;reunión
34372;atención
34356;entra
34345;hagan
34291;pareces
34273;darme
34102;zona
34027;juro
34025;aqui
33987;esperaba
33954;asesinato
33933;base
33904;personal
33870;estados
33834;real
33665;ley
33592;oír
33547;tom
33538;rã
33533;david
33510;especie
33504;dejes
33455;intenta
33440;hotel
33428;george
33423;charlie
33414;puto
33343;razã
33342;vuelva
33320;asi
33302;vayan
33241;haberlo
33182;disculpe
33002;and
32905;llevas
32845;pie
32741;traer
32729;sigo
32727;perdón
32717;abrir
32687;demás
32655;ojalá
32640;secreto
32625;querã­a
32597;cena
32572;pedir
32470;hacerle
32459;empieza
32412;estarás
32383;frank
32357;parecer
32251;culo
32237;llevó
32201;joe
32159;nivel
32048;debajo
32035;evitar
31889;ia
31830;blanco
31828;mes
31825;dejé
31807;necesitaba
31802;director
31802;pensado
31779;dando
31770;teníamos
31678;cargo
31654;mike
31637;estuviste
31635;café
31631;escena
31614;pelo
31593;paz
31529;esposo
31469;parecía
31466;idiota
31460;york
31272;mesa
31237;pequeã
31228;últimos
31163;regresar
31143;resulta
31110;espacio
30946;oí
30921;delante
30886;profesor
30771;papel
30719;solía
30590;vista
30586;teniendo
30558;c
30550;avión
30522;llaman
30463;vosotros
30452;pregunto
30446;edificio
30420;vieja
30377;irme
30336;tenían
30319;extraño
30249;sucede
30203;médico
30176;embargo
30141;daño
30086;date
30082;señal
30075;seré
30045;causa
30017;tuviera
29955;tratar
29919;dieron
29916;ocurre
29908;miles
29891;barco
29885;hazlo
29723;aãºn
29709;error
29623;cámara
29597;regalo
29546;espere
29529;volveré
29512;dejas
29472;lleno
29451;misión
29395;vienes
29389;harã
29386;cielo
29362;james
29339;quedan
29337;hacerme
29311;acaso
29289;llamaré
29278;usando
29249;cerebro
29239;pidió
29238;decía
29226;investigación
29209;fuimos
29180;caballeros
29156;acabas
29152;sabías
29010;ibas
28941;sepa
28902;tranquilo
28842;deberían
28839;carta
28816;minuto
28779;leer
28745;encontró
28726;intentar
28689;finalmente
28688;cállate
28672;probar
28654;tuviste
28630;encuentro
28607;vayas
28557;obviamente
28532;mirar
28500;tomando
28482;quedar
28470;novio
28467;bienvenido
28446;nueve
28440;cuántas
28440;música
28412;jugando
28387;podido
28386;acabar
28354;estén
28335;carrera
28328;verlo
28262;dejaré
28242;ejército
28198;salga
28146;dirección
28087;debido
28012;serán
27986;decisión
27977;respeto
27972;linda
27909;quiénes
27907;conocido
27898;teniente
27824;averiguar
27649;universidad
27625;amable
27623;it
27609;of
27591;accidente
27579;prefiero
27577;entender
27558;estarã
27498;cliente
27466;drogas
27422;irá
27382;llegue
27354;parecen
27310;cariã
27222;negocios
27205;corte
27148;vestido
27131;anteriormente
27125;tomó
27089;tema
27058;hagamos
27010;preocupa
26995;habías
26969;veamos
26954;informe
26937;ellas
26930;definitivamente
26898;existe
26894;aprender
26887;consejo
26876;lindo
26873;libertad
26861;duda
26788;baño
26710;bar
26674;tome
26666;mirando
26594;ello
26582;quedarme
26548;permiso
26513;doble
26512;escribir
26467;bomba
26405;carne
26404;red
26365;volvió
26336;energía
26303;arreglar
26303;trasero
26216;vea
26189;dejaste
26186;depende
26169;reina
26168;tengan
26159;ganas
26150;deseo
26146;debía
26061;ponte
26029;ben
25984;serás
25973;experiencia
25954;listos
25952;guardia
25831;acceso
25821;llamas
25806;pelea
25773;fbi
25722;dejo
25700;muestra
25672;paciente
25656;tren
25635;pon
25621;código
25584;víctima
25561;crimen
25535;debí
25530;puse
25524;vidas
25516;ésa
25422;honor
25380;lee
25370;agentes
25366;cuestión
25330;coronel
25275;proteger
25270;banco
25257;harás
25247;contar
25237;toca
25216;pã
25215;perdí
25209;fondo
25144;juez
25132;habían
25085;verás
25031;tarjeta
25021;sueño
24988;deberã­a
24979;especialmente
24973;come
24955;sargento
24950;necesitar
24950;tía
24921;bonito
24898;tonto
24866;acabó
24826;próximo
24822;dulce
24798;ana
24742;perfecto
24723;bolsa
24722;tocar
24681;haberte
24672;adiã
24641;quedarse
24637;ocurrió
24634;escuché
24634;pedido
24613;habéis
24593;tomado
24534;suficientemente
24507;empezó
24436;estúpido
24433;hermosa
24417;matado
24400;norte
24396;diferente
24364;unidad
24352;comandante
24315;harry
24302;viejos
24299;imposible
24297;entiendes
24273;conocí
24223;nuevos
24195;diferencia
24162;refiero
24143;baile
24124;b
24120;encontraron
24105;oigan
24058;vender
24044;tanta
24018;piso
24017;in
24013;pensã
24006;beber
23961;querida
23954;llevaré
23939;vuelo
23861;mamã
23859;podremos
23849;paul
23845;datos
23838;regreso
23785;papã
23775;dejen
23764;pista
23755;maestro
23745;simple
23735;disculpa
23709;déjeme
23709;inteligente
23705;peligro
23684;alta
23682;siguen
23605;podrá
23585;color
23563;máquina
23509;confía
23496;sol
23487;objetivo
23450;principio
23443;libros
23435;llame
23432;asuntos
23401;larga
23397;querer
23382;boda
23312;precio
23282;seguramente
23279;diste
23278;mary
23275;golpe
23246;digamos
23229;hubiese
23201;santo
23195;radio
23184;pedí
23182;muchachos
23155;formas
23142;llena
23134;prometo
23121;luna
23108;obra
23107;vayamos
23090;alma
23075;estarán
23069;creemos
23063;basura
23062;aquel
23053;salido
23049;divertido
23048;juicio
23048;suelo
23013;parar
23010;bob
22983;alguno
22982;planeta
22942;hubieras
22925;correcto
22898;saliendo
22889;fã
22884;normal
22859;estación
22848;estáis
22819;veremos
22817;estrella
22775;posición
22768;abuela
22764;hablé
22726;vengo
22723;porqué
22720;quienes
22700;quedarte
22677;vengan
22628;varias
22627;quedó
22603;luces
22554;yendo
22538;partido
22534;loca
22518;algãºn
22513;muertos
22494;directo
22480;llave
22439;segundos
22433;robar
22406;órdenes
22402;jimmy
22402;diablo
22353;operación
22338;subir
22322;reglas
22280;bill
22246;ojo
22209;trajo
22165;pies
22115;malas
22113;sentado
22059;serã­a
22053;uso
22032;nick
22000;recuperar
21989;compañero
21975;ponga
21967;dé
21955;henry
21930;debió
21923;partes
21890;necesario
21889;matrimonio
21884;llevaba
21867;defensa
21845;proyecto
21845;varios
21834;solamente
21825;empresa
21814;cambiado
21809;damas
21792;tony
21785;encantaría
21776;perdió
21759;obtener
21748;nota
21737;vuelvo
21728;llevan
21721;sur
21695;echar
21692;hable
21690;poniendo
21688;u
21657;huele
21656;alex
21651;hayan
21648;correr
21643;terminado
21638;jim
21587;that
21565;detener
21551;santa
21528;metros
21516;cuentas
21470;cumpleaños
21461;volverá
21411;irã
21399;entrada
21360;saca
21352;tuyo
21223;habido
21210;interesa
21192;estan
21184;cenar
21178;éramos
21170;dará
21161;hermanos
21160;sube
21095;valor
21076;banda
21066;nombres
21049;cuesta
21047;recibir
21034;enviar
21032;repente
21031;telã
20940;iglesia
20939;cerrar
20923;quede
20914;cuidar
20910;coño
20908;bajar
20848;resolver
20846;cantidad
20844;siga
20835;oro
20790;tendrã
20780;irse
20772;max
20767;molesta
20744;volar
20735;pesar
20727;recordar
20719;laboratorio
20700;aceptar
20686;partir
20676;muchacho
20668;malditos
20638;des
20635;acabamos
20623;pones
20601;acá
20583;estilo
20573;verdadera
20559;nto
20549;excelente
20547;sirve
20531;querría
20495;podrás
20441;horrible
20413;refieres
20411;perra
20410;dejarlo
20386;déjalo
20368;caballo
20366;cien
20358;increíble
20329;encantado
20328;traído
20328;llevamos
20309;rayos
20278;corre
20266;sabã­a
20255;posibilidad
20224;casos
20206;opinión
20205;ayudarte
20196;envió
20186;millón
20185;canción
20178;acción
20165;riesgo
20162;huellas
20159;piel
20151;cayó
20141;seguimos
20120;tomé
20116;terrible
20104;esperen
20101;romper
20045;prisión
20031;responsable
20023;iban
20015;apartamento
19991;absolutamente
19989;pedazo
19970;tengamos
19954;presión
19941;principal
19937;duele
19921;hables
19920;navidad
19904;motivo
19894;coger
19868;pistola
19853;p
19849;prã
19848;ama
19833;todavã­a
19819;viviendo
19801;regresa
19795;quiso
19745;bala
19743;ejemplo
19717;pasé
19691;supe
19686;isla
19668;abuelo
19634;perdã
19607;lord
19575;público
19569;llegamos
19534;mataron
19527;arte
19524;clientes
19508;normalmente
19505;vuestra
19503;permite
19475;ee
19424;irnos
19409;vendrá
19409;dã­as
19382;puertas
19377;mata
19365;cárcel
19354;will
19336;puedan
19333;soldados
19308;testigo
19302;vuestro
19285;humanos
19278;jame
19275;anillo
19218;sucedió
19198;velocidad
19188;habló
19188;mía
19166;fueras
19158;sepas
19157;pasará
19142;pareja
19097;tã
19087;policías
19086;cambia
19081;fuerzas
19033;modos
19024;noticia
19007;robo
18997;crear
18995;lleve
18995;perdiendo
18994;bonita
18982;triste
18954;humano
18934;pasã
18930;planes
18914;evidencia
18899;apoyo
18891;mando
18874;termina
18824;sois
18813;pocos
18752;tomas
18734;dispuesto
18691;salida
18690;pudiste
18687;serie
18671;sarah
18668;fiscal
18649;consigue
18648;busco
18647;zapatos
18643;llamé
18643;rato
18618;respecto
18613;temprano
18602;volviendo
18590;paga
18588;luchar
18585;directamente
18585;puntos
18541;tantas
18535;prensa
18509;cerveza
18506;oiga
18500;new
18456;blanca
18455;descubrir
18446;bienvenida
18440;fuente
18438;llevará
18422;acaban
18419;caer
18418;richard
18406;ray
18396;izquierda
18384;allã­
18382;amenaza
18353;gustaba
18344;joder
18330;danny
18312;viva
18308;agradezco
18294;estudio
18278;entró
18276;tercer
18252;haberme
18228;restaurante
18207;pan
18202;preguntar
18177;tercera
18174;completo
18171;ayudarme
18170;saldrá
18150;cartas
18148;verme
18118;escuche
18115;aquella
18104;miembro
18088;destruir
18087;imagen
18085;lugares
18084;veras
18042;robert
18012;destino
18012;quedo
17993;merece
17963;imagino
17958;perros
17934;relaciones
17932;nuevas
17912;interesante
17885;unidos
17872;video
17864;tomo
17864;pidiendo
17854;hablemos
17840;corriendo
17837;derecha
17837;irte
17833;hermoso
17803;pongo
17786;manejar
17781;escrito
17770;azul
17765;piensan
17746;oferta
17741;infierno
17736;trabajaba
17723;billy
17717;agradable
17714;cabo
17711;llamadas
17710;sujeto
17693;adentro
17682;tommy
17679;cocina
17670;meter
17646;compaã
17637;podré
17635;pelear
17634;quedado
17633;vieron
17633;limpiar
17632;área
17608;magia
17605;tenéis
17602;hogar
17599;vã
17573;sospechoso
17570;vuelvas
17558;ocupado
17550;conversación
17544;camión
17534;tiro
17503;ventana
17497;preparado
17485;mercado
17477;casas
17449;tantos
17443;puente
17438;rojo
17429;metido
17412;animales
17402;locura
17395;pide
17394;recoger
17386;tendrán
17377;clases
17349;cientos
17323;perdona
17314;diles
17307;carga
17285;orgulloso
17257;steve
17257;atrã
17218;trabajas
17203;muerta
17202;llamando
17169;cuento
17164;pago
17161;llevado
17151;encuentras
17142;walter
17137;intentado
17136;antiguo
17118;cielos
17117;enemigo
17117;salgan
17109;compartir
17100;visita
17099;sienta
17097;johnny
17096;gracioso
17079;calma
17074;hazme
17070;presento
17065;preocupado
17061;jane
17021;vimos
17019;mataste
17014;actuar
17012;mar
17005;esperanza
16982;dejamos
16969;fe
16952;tomaré
16948;llegué
16935;dejan
16934;diferentes
16907;acuerdas
16894;enfermedad
16893;llámame
16890;brazo
16886;siéntate
16881;jodido
16872;historias
16859;bienvenidos
16851;recién
16826;extraã
16795;sentí
16793;movimiento
16792;botella
16786;verá
16781;íbamos
16778;broma
16768;as
16744;revisar
16723;fuese
16715;detalles
16673;entendido
16657;marca
16643;propios
16643;enorme
16640;aparentemente
16629;peligroso
16609;enseguida
16600;tuvieron
16578;decirlo
16559;dueño
16539;lucha
16528;x
16525;pareció
16525;silla
16514;an
16513;r
16512;batalla
16485;elegir
16479;soldado
16477;we
16473;dejaron
16431;escuchado
16425;coge
16422;claramente
16421;harán
16419;reloj
16401;controlar
16398;tiempos
16396;recibido
16384;parque
16381;sigan
16365;hablaba
16361;mark
16342;pasamos
16336;pantalones
16333;hiciera
16332;vistazo
16331;central
16326;charles
16322;aquellos
16316;um
16315;entiende
16314;escúchame
16299;llaves
16290;construir
16277;silencio
16229;primeros
16213;ganado
16205;intentó
16196;ãºnico
16171;justicia
16160;estemos
16112;esperamos
16094;ideas
16093;comenzar
16086;re
16062;sentimientos
16046;adn
16038;llevaron
16031;acto
16024;confianza
16019;memoria
16019;propiedad
16017;dígame
15998;j
15992;cae
15989;ambas
15978;confío
15977;hablaré
15973;empezando
15961;pensamos
15939;muere
15935;líder
15934;verã
15926;hablaremos
15918;llevarte
15911;querían
15905;llego
15896;deberã­as
15885;comienza
15872;cabello
15869;quedas
15851;decidido
15850;culpable
15839;irás
15824;pondré
15824;río
15816;lã
15815;den
15799;escapar
15781;intenté
15749;té
15748;robó
15738;contrato
15731;enviado
15724;gana
15718;ningãºn
15716;espalda
15693;dama
15659;tecnología
15658;rico
15657;seguros
15652;jesús
15647;ciencia
15646;desea
15636;do
15626;aparte
15599;agujero
15589;ndo
15587;sorpresa
15571;llamaba
15570;bobby
15564;what
15559;jurado
15555;víctimas
15536;jake
15531;créeme
15528;debiste
15520;necesidad
15512;propósito
15505;preguntaba
15501;discutir
15488;caminar
15482;dientes
15469;resultado
15466;suponía
15463;miembros
15456;cinta
15451;aparece
15443;menor
15442;pequeños
15428;probable
15421;estuvimos
15420;dejarme
15420;maldición
15415;kevin
15413;pensó
15404;total
15378;brazos
15376;cámaras
15373;chris
15369;sabido
15354;gato
15347;viniste
15334;decirles
15320;policã­a
15319;razones
15317;convierte
15316;jerry
15302;interior
15299;peso
15296;olvida
15284;encontraste
15281;conducir
15279;juegos
15263;archivos
15240;ponerme
15214;viven
15206;olvides
15202;calor
15196;mismos
15191;cuello
15187;primo
15169;olvidado
15168;inteligencia
15164;jóvenes
15134;naturaleza
15093;momentos
15084;vámonos
15067;cortar
15059;malos
15020;salud
15020;darles
15010;registro
15001;my
14998;podías
14993;herida
14991;huevos
14971;hã
14971;secretos
14955;caballero
14938;terminó
14918;contó
14917;éxito
14897;teoría
14897;salimos
14856;leo
14838;pastel
14833;tuya
14815;menudo
14793;mantiene
14790;registros
14786;conocía
14782;contrario
14777;mueve
14758;números
14753;dedos
14751;espíritu
14747;costa
14735;preguntarte
14733;hechos
14721;toque
14708;política
14704;bosque
14703;enseã
14696;aseguro
14678;vean
14672;pacientes
14640;marcha
14617;pongas
14585;dedo
14579;dudo
14564;bailar
14558;esperas
14551;tirar
14548;computadora
14548;lady
14544;caliente
14544;muã
14543;adivina
14541;búsqueda
14538;derechos
14514;efecto
14513;show
14504;comenzó
14496;pérdida
14476;verano
14473;gustarã­a
14470;llegas
14467;clave
14464;cuáles
14461;copa
14459;firma
14458;hablan
14444;eric
14421;ãºltima
14396;tomamos
14393;cuerpos
14376;leí
14367;oficiales
14366;nacional
14364;tomen
14362;ryan
14356;premio
14355;washington
14336;alcalde
14297;piernas
14276;ponerte
14276;sir
14268;sonido
14232;quedamos
14231;buscamos
14224;termine
14209;bamos
14199;películas
14198;proceso
14198;análisis
14197;frío
14173;resultados
14168;encontraremos
14162;vives
14144;acciones
14139;mantén
14132;compré
14125;conocen
14100;ponen
14092;leche
14089;verla
14086;asiento
14083;acabado
14076;verde
14068;conseguido
14063;últimas
14053;brillante
14044;sociedad
14042;pocas
14037;olvidé
14036;leído
14021;conexión
14012;época
14005;amy
14002;pasada
13999;crea
13997;fueran
13994;quedará
13991;usó
13978;examen
13959;correo
13956;escuchen
13941;opción
13935;aléjate
13928;rachel
13927;cuantos
13927;déjenme
13918;william
13893;dirige
13891;seamos
13858;enamorado
13855;perfectamente
13854;maté
13834;hielo
13828;pedirle
13822;seremos
13818;truco
13806;capitã
13802;vacaciones
13799;daniel
13792;negros
13788;oscuro
13786;agencia
13782;ted
13775;recuerdos
13768;piloto
13756;explicar
13748;tamaño
13743;corazã
13737;calles
13732;disparar
13724;llamamos
13714;demonio
13713;fecha
13705;escribió
13705;eddie
13704;material
13694;dura
13693;turno
13692;empezamos
13690;permitir
13686;oeste
13675;diario
13668;príncipe
13667;perdimos
13665;dejã
13657;sentía
13652;asegurarme
13644;cadena
13638;monstruo
13635;andy
13625;hambre
13619;conseguí
13588;autos
13577;entrevista
13570;jason
13560;cuchillo
13538;pierna
13530;intención
13524;desearía
13519;propias
13518;vuelves
13505;trabajamos
13502;pasan
13488;tranquila
13478;hubieran
13478;casado
13475;tenia
13474;bebe
13457;papa
13448;recibí
13444;volveremos
13426;común
13421;usado
13415;alerta
13412;papi
13392;hacerse
13389;regla
13379;harías
13376;responder
13361;flores
13353;enfermo
13348;daría
13346;cuantas
13334;animal
13332;pollo
13326;requiere
13320;usan
13320;ponerse
13319;asistente
13300;compra
13299;perdiste
13294;llegaron
13292;encantan
13292;estarías
13282;on
13276;interés
13260;virus
13258;intentas
13257;dirã
13256;doctora
13255;poderes
13254;guarda
13247;princesa
13245;cierta
13236;darnos
13231;abierto
13225;londres
13224;llevarlo
13222;andar
13219;llegará
13208;beso
13204;volvamos
13199;habrã
13196;maravilloso
13168;mover
13132;consiguió
13131;ð
13111;cuida
13109;martin
13108;nariz
13097;oíste
13090;aspecto
13085;trabajado
13079;victoria
13075;veinte
13067;llã
13065;brian
13058;taza
13041;servicios
13033;tribunal
13029;senador
13026;súper
13022;gordo
13020;consigo
13007;contado
12987;
12984;quedaré
12982;cansado
12980;dirá
12966;tratado
12958;antigua
12954;mirada
12952;vuelvan
12947;felices
12933;scott
12927;paquete
12911;llevando
12891;viernes
12886;sueños
12879;campamento
12878;conseguiste
12869;pertenece
12868;modelo
12865;damos
12863;ministro
12862;ï
12852;gustó
12847;pusiste
12842;local
12828;héroe
12791;preferiría
12779;supiera
12770;kate
12769;árbol
12761;roto
12759;corta
12754;droga
12752;thomas
12746;básicamente
12741;pusieron
12741;sientas
12718;robado
12702;h
12700;kilómetros
12692;sugiero
12692;conocemos
12654;presentar
12646;asegúrate
12646;dejando
12640;prisa
12635;trató
12632;poca
12632;chuck
12630;parezca
12627;trataba
12611;copia
12594;emergencia
12593;pensaste
12592;abogados
12586;atrapar
12586;equivocado
12578;junta
12577;intentaba
12572;vinieron
12570;distancia
12559;cambió
12553;abran
12546;militar
12544;your
12540;ayúdame
12527;daba
12523;discurso
12517;for
12515;salgamos
12512;disco
12510;traigo
12502;habíamos
12498;pared
12496;adonde
12496;emily
12495;howard
12491;ayude
12486;gas
12485;odia
12483;espada
12479;veía
12479;dígale
12477;cine
12474;mensajes
12470;abra
12466;hablaste
12465;podrã­as
12462;habitaciã
12452;torre
12444;pete
12436;disparó
12434;olor
12423;convertido
12418;licencia
12415;firmar
12407;playa
12402;deber
12402;guste
12398;encuentre
12398;larry
12391;dejarte
12382;mostrar
12374;envía
12369;nosotras
12367;sombrero
12364;sacó
12356;baã
12354;tira
12347;ciento
12341;vais
12340;preocupe
12320;piense
12315;médicos
12310;sacado
12302;inocente
12299;versión
12294;atrapado
12292;llamarme
12292;preguntarle
12291;adã
12271;tv
12260;claire
12260;preparar
12251;ahi
12249;recibió
12240;ora
12237;compañeros
12226;siguiendo
12217;trajiste
12217;equipos
12198;camioneta
12198;llames
12188;cargos
12178;ãºnica
12171;gira
12170;alan
12170;daã
12169;presente
12167;bella
12157;notas
12150;extra
12130;grave
12125;juega
12122;sistemas
12122;socio
12120;inspector
12107;vengas
12105;bã
12093;deberã­amos
12092;lograr
12086;papeles
12081;tormenta
12081;señales
12080;explica
12078;dave
12076;vendría
12076;piedra
12070;suficientes
12066;cumplir
12062;cirugía
12041;mapa
12039;bola
12038;responsabilidad
12032;iría
12009;camisa
11995;oigo
11987;metió
11983;sheriff
11958;dijera
11955;rompió
11945;enfermera
11944;declaración
11944;www
11935;señoría
11933;cálmate
11932;escribe
11927;medicina
11925;intentamos
11920;ruido
11916;universo
11915;invitado
11914;seres
11911;estúpida
11906;digan
11904;estuvieron
11902;this
11901;nena
11900;muero
11900;talento
11896;suelta
11896;salen
11890;olvidar
11887;pregunté
11876;podã­a
11873;pagan
11867;km
11864;estudiante
11861;ángeles
11859;pequeñas
11850;viajar
11850;familias
11845;barry
11838;trabajan
11830;salí
11830;estrellas
11827;podéis
11816;llevarme
11808;salgo
11797;creas
11793;suyo
11787;leyes
11785;levanta
11781;protección
11773;volvemos
11765;despierta
11758;ai
11742;éi
11707;compró
11704;pudieras
11694;balas
11693;parecido
11682;alcohol
11662;decirnos
11661;decidir
11656;artículo
11655;asesinado
11653;esquina
11651;trampa
11648;deme
11642;colegio
11642;perdone
11632;saberlo
11630;flota
11622;pura
11613;permanecer
11613;violencia
11607;louis
11598;pieza
11596;entera
11588;curso
11586;cantar
11582;unidades
11580;quita
11573;sales
11564;quedé
11554;negra
11553;ud
11551;servir
11544;haberse
11542;tã­o
11541;polvo
11533;apareció
11532;visión
11524;mires
11521;lengua
11518;comiendo
11514;pene
11507;motor
11507;planta
11504;seria
11498;entrenador
11494;echo
11488;vigilancia
11478;locos
11477;matando
11470;vos
11468;vivía
11466;murieron
11466;all
11466;sabrá
11463;big
11457;saco
11453;escuchaste
11448;llamaste
11448;queso
11448;cero
11436;disparo
11435;î
11431;famoso
11424;extraña
11424;elección
11419;ademã
11412;volví
11396;pierde
11395;pienses
11395;imbécil
11386;cáncer
11378;carl
11374;sueã
11367;borracho
11365;internet
11363;traeré
11362;gay
11361;cia
11359;clark
11357;phil
11357;perfecta
11346;guardar
11330;pez
11305;metas
11300;hecha
11291;cuán
11289;traes
11289;heridas
11288;refiere
11287;ocurrido
11285;llegaste
11285;caminando
11271;caballos
11249;charla
11245;mantente
11236;anna
11234;viento
11225;fué
11222;corto
11213;operaciones
11208;guardias
11192;contento
11189;adam
11175;sorprende
11174;faltan
11170;sacaste
11164;autobús
11164;matt
11158;doce
11151;decisiones
11146;testigos
11145;have
11131;vivimos
11126;llegan
11113;saltar
11113;traté
11111;canal
11107;archivo
11097;colega
11092;trabajos
11086;luke
11083;sabéis
11079;deba
11072;incluyendo
11069;entero
11059;importantes
11049;harvey
11047;importaría
11045;quítate
11038;paseo
11030;recursos
11028;toques
11024;nãºmero
11007;criminal
11004;cruzar
10996;esperan
10996;tráfico
10990;habrã­a
10985;humor
10980;tomará
10974;disculpas
10970;informaciã
10962;demã
10962;ruta
10956;interesado
10940;señores
10940;mentira
10939;dormido
10939;tomaste
10931;difã­cil
10930;cerdo
10925;rastro
10921;mete
10917;echa
10913;vaso
10910;naves
10908;clara
10906;techo
10897;continuar
10895;presencia
10893;voluntad
10881;blancos
10872;buscan
10868;veas
10866;fantasma
10864;cura
10860;usamos
10847;empecé
10847;entrenamiento
10842;bote
10840;jeff
10838;convirtió
10824;vinimos
10822;demostrar
10822;v
10821;huesos
10814;haberle
10814;dejemos
10792;ãºltimo
10788;asesinos
10787;venía
10786;preguntando
10786;habilidad
10781;sección
10780;allã
10773;reino
10769;joey
10746;harto
10741;medios
10740;parezco
10734;hallar
10734;revista
10730;comunidad
10728;ira
10718;conductor
10710;teatro
10707;campaña
10699;trago
10695;experto
10694;tratamiento
10693;rick
10693;lisa
10685;lago
10674;dispositivo
10671;sensación
10669;darã
10661;aeropuerto
10656;ed
10637;soportar
10632;tendrías
10631;estudiantes
10628;nervioso
10624;idiotas
10620;pasaron
10619;tarea
10604;visitar
10600;respuestas
10598;quitar
10587;escenario
10583;parado
10579;decidió
10573;ayudando
10569;carretera
10568;bebã
10561;barrio
10555;entregar
10554;sexual
10546;genio
10543;tratas
10539;parada
10537;conocerte
10535;cola
10528;lily
10527;hayamos
10524;salón
10519;treinta
10505;pondrá
10505;televisión
10502;desapareció
10499;entrega
10498;encargo
10487;enemigos
10462;evento
10462;prometí
10456;cadáver
10450;cheque
10450;tambien
10447;preocupada
10431;desastre
10427;superior
10427;sobrevivir
10426;muestras
10415;comportamiento
10404;oso
10404;vende
10400;querrás
10397;rock
10397;estuvieras
10388;empleo
10386;admitir
10374;completa
10374;maría
10368;can
10366;belleza
10364;herido
10360;salsa
10358;pintura
10358;página
10352;marcas
10348;aprecio
10348;preguntó
10338;personalmente
10337;queríamos
10318;jamã
10309;crisis
10300;descubierto
10280;pasaba
10277;venta
10270;quedarnos
10266;esperemos
10262;salvó
10256;crédito
10235;prácticamente
10231;gloria
10229;be
10225;almuerzo
10223;roja
10213;estando
10205;amas
10204;rara
10200;podrã
10194;comido
10187;comité
10185;agarra
10182;miras
10180;aprendido
10171;valiente
10170;oliver
10167;mirad
10167;ron
10164;ciertamente
10161;escuchando
10161;lidiar
10158;tuvieras
10152;not
10147;celular
10144;honestamente
10140;amante
10134;asesinatos
10134;hank
10125;literalmente
10125;ramos
10125;ponerle
10124;envié
10120;dia
10118;tardes
10116;amigas
10112;familiar
10109;lástima
10093;obvio
10090;seguido
10087;dejarla
10081;pasas
10080;enojado
10076;conseguimos
10072;daremos
10069;profundo
10069;sabían
10066;llorar
10063;siglo
10062;comienzo
10058;compras
10053;granja
10029;llevarla
10016;acabe
10014;mami
10012;ios
10012;temporada
10011;ey
9996;cil
9989;despues
9987;atacar
9984;querrá
9981;pelota
9977;mandar
9968;imaginar
9963;buscas
9957;poquito
9955;traiga
9951;podrán
9942;dioses
9938;regrese
9932;orgullosa
9926;acusado
9924;lobo
9924;limpia
9921;abandonar
9921;limpio
9918;estudiar
9918;manda
9917;conocimos
9916;ayudó
9914;coma
9911;capacidad
9903;pudimos
9900;personaje
9898;posibilidades
9896;encontrã
9895;documentos
9891;transporte
9886;privado
9880;robin
9875;dejará
9865;ayudarnos
9864;mm
9864;mentiras
9863;combate
9850;profesional
9846;cajas
9846;honesto
9835;k
9824;descanso
9815;meta
9813;leyendo
9811;mencionar
9806;informes
9800;roger
9796;adoro
9793;fuertes
9784;castillo
9779;humana
9777;criatura
9777;gary
9776;gobernador
9770;decimos
9769;mã­o
9768;respira
9763;embarazada
9761;ángel
9760;vuestros
9753;g
9752;importar
9752;malditas
9749;repito
9746;escucho
9744;investigando
9741;inglés
9730;morgan
9726;huir
9726;detrã
9726;pudieron
9720;hacernos
9718;sábado
9716;vuelven
9715;niñas
9709;encuentran
9705;taxi
9704;instituto
9702;mismas
9700;conferencia
9694;empleados
9688;abierta
9685;habilidades
9662;decidí
9654;sucio
9646;descubrió
9644;legal
9641;ganó
9635;arruinar
9631;kelly
9629;jean
9628;grace
9627;conocimiento
9626;federal
9617;pongan
9614;elegido
9614;tí
9608;bruja
9604;periódico
9601;podíamos
9598;siã
9597;duerme
9595;llevaremos
9593;condiciones
9580;enseñó
9580;restos
9576;efectos
9573;original
9565;jugador
9563;china
9562;f
9558;entrando
9543;verán
9536;podían
9531;muriendo
9530;millas
9525;kim
9518;encantada
9517;decírselo
9494;usas
9487;mayores
9483;jardín
9483;caza
9483;terapia
9478;responde
9474;dirás
9471;helado
9463;pediste
9449;suya
9446;disfruta
9445;queréis
9445;susan
9441;crã
9436;firme
9435;atenciã
9433;casarse
9432;ritmo
9427;suele
9427;artista
9422;condado
9418;volverã
9413;actividad
9411;with
9410;fono
9405;are
9401;kyle
9401;cuéntame
9397;bombas
9384;espectáculo
9376;excusa
9374;tarjetas
9373;comprado
9363;dispararon
9359;bordo
9353;llegaremos
9343;efectivo
9342;identidad
9331;confías
9326;llegando
9311;annie
9311;pasos
9295;vueltas
9278;cambios
9270;déjala
9265;com
9262;desayuno
9262;podrã­amos
9261;llamen
9260;so
9255;sexy
9254;bruce
9253;parís
9252;conduce
9247;irán
9246;sr
9246;arresto
9237;desgracia
9234;emma
9231;caído
9221;esfuerzo
9214;fingir
9212;luce
9211;llamaron
9200;homicidio
9197;empecemos
9193;pagó
9185;aprendí
9183;viniendo
9172;objeto
9169;consciente
9167;mandó
9163;vivido
9162;autoridad
9162;ciertas
9158;causar
9152;eliminar
9149;was
9141;vergüenza
9135;líneas
9127;enviaré
9121;perfil
9120;plato
9120;imagina
9118;voto
9117;maneras
9117;dimos
9111;punta
9110;preparando
9109;explosión
9106;despacho
9103;vehículo
9101;pecho
9093;sepan
9093;precisamente
9093;enferma
9091;lunes
9078;cierre
9077;américa
9076;tendríamos
9072;supo
9070;traigan
9064;montar
9060;entrado
9054;roma
9049;fumar
9044;jodida
9035;lucy
9027;ladrón
9024;chocolate
9022;habrías
9020;rostro
9015;bebiendo
9013;celebrar
9013;tetas
9013;corriente
9011;mono
9007;cerrado
9007;oyes
8996;intente
8990;motivos
8988;tomes
8986;whisky
8982;coã
8975;fondos
8975;mírame
8972;distrito
8969;trã
8966;funeral
8960;sacarte
8953;durmiendo
8949;haberla
8944;natural
8944;aviso
8944;puerto
8932;rosa
8930;falsa
8929;poderoso
8923;técnicamente
8916;actuando
8915;enviaron
8915;imágenes
8914;falso
8911;jay
8906;arthur
8896;ventaja
8896;pregúntale
8894;get
8891;domingo
8891;incidente
8875;bravo
8871;bolas
8871;luchando
8866;toman
8858;dean
8852;rusos
8841;levantar
8838;sienten
8837;nació
8827;amaba
8825;sinceramente
8819;asegurar
8812;quédese
8812;oã­do
8806;venganza
8804;fortuna
8803;preguntado
8800;donna
8793;división
8788;quedes
8779;francia
8777;fila
8774;capaces
8770;reacción
8764;cable
8761;pagado
8758;docena
8742;terreno
8740;cojones
8739;monos
8735;metro
8730;bebida
8729;maggie
8729;investigar
8729;fiestas
8727;considera
8726;solución
8724;carro
8720;audiencia
8720;solos
8718;acepto
8711;montaña
8708;ll
8703;deuda
8698;bestia
8695;historial
8695;cubrir
8692;resultó
8683;quédense
8681;miro
8679;carter
8679;rose
8672;felicitaciones
8670;ricos
8666;apaga
8665;tropas
8657;mantenga
8655;mate
8655;fútbol
8652;raza
8651;leonard
8631;salieron
8629;tonta
8627;mentir
8623;majestad
8618;ross
8616;simon
8597;empiece
8594;baje
8592;vendrán
8586;quieran
8582;oscuridad
8580;disfrutar
8574;mama
8572;sentimos
8572;mejorar
8571;casada
8565;recibe
8556;señoras
8555;rumbo
8555;dejaremos
8552;errores
8550;móvil
8542;signos
8530;chloe
8529;considerando
8523;enfrente
8521;aventura
8514;comprendo
8512;encontrará
8509;echado
8503;pedimos
8502;desaparecer
8499;karen
8493;trate
8488;tráeme
8484;jackson
8482;dispara
8480;planeando
8478;escribí
8476;sabría
8474;tanque
8473;matã
8471;golpear
8468;empiezo
8458;pobres
8455;bastardo
8455;sonar
8454;crema
8451;volviste
8448;ataques
8445;cuales
8445;llamarlo
8445;julia
8442;actitud
8438;últimamente
8437;tripulación
8434;pedirte
8432;desafortunadamente
8430;darse
8428;placa
8423;funcionar
8422;ponerlo
8421;josh
8412;ponlo
8411;olvídate
8403;cometido
8397;guapo
8396;rayo
8393;cubierta
8393;serías
8392;ayudante
8391;alarma
8390;apuesta
8388;patrulla
8385;laura
8383;recibimos
8381;posiblemente
8375;robaron
8375;terry
8371;muchacha
8364;invitados
8356;pizza
8351;chicago
8342;gratis
8341;organización
8327;sara
8323;golpeó
8319;canciones
8318;galletas
8313;escribiendo
8312;just
8312;prepara
8308;sentada
8301;aguantar
8290;volverás
8290;they
8279;bebés
8277;recibo
8276;olivia
8274;rata
8273;tíos
8268;mencionó
8266;conoció
8262;armario
8259;identificar
8259;descansar
8257;sheldon
8253;matan
8253;ayudará
8252;dejaría
8252;llamã
8247;biblioteca
8234;dijimos
8230;especiales
8227;educación
8219;mantengan
8219;custodia
8219;acepta
8214;comprobar
8211;utilizar
8211;cabezas
8207;vecinos
8207;hablarte
8204;incendio
8195;crecer
8194;necesitaremos
8194;molesto
8192;chaqueta
8190;primeras
8189;demasiadas
8189;aviones
8186;oyó
8184;altura
8183;tomã
8183;lleguemos
8182;alice
8176;criminales
8176;rescate
8175;vendiendo
8170;regalos
8163;empezado
8160;putas
8154;terminamos
8152;complicado
8144;â
8141;sopa
8139;jefa
8131;anuncio
8124;but
8124;sitios
8123;orgullo
8122;lluvia
8121;botón
8115;tratan
8111;andrew
8109;quince
8109;defender
8105;edward
8104;mataré
8099;lanzar
8099;despacio
8098;ja
8095;trabajó
8094;existen
8094;indica
8091;tumba
8087;niveles
8084;lados
8076;sabia
8073;rumores
8072;hablarle
8070;cabrón
8068;sentirse
8065;combustible
8062;secretario
8062;matarme
8060;demanda
8060;aguanta
8058;europa
8058;demasiada
8050;buscado
8048;dejame
8045;alemanes
8043;producto
8043;ocupada
8042;necesitaré
8037;compromiso
8032;estudios
8027;piezas
8024;desaparecido
8020;tómate
8014;débil
8013;engaã
8013;antecedentes
8010;extremadamente
8008;jones
8008;descubrí
7998;comercial
7988;detente
7987;celda
7986;creã­
7979;felicidades
7975;cansada
7970;social
7970;huevo
7968;grado
7965;anterior
7951;habrían
7949;ala
7948;super
7947;favorito
7947;temperatura
7941;letra
7940;harã­a
7930;forense
7923;conté
7915;intentan
7911;inglaterra
7910;importancia
7909;frontera
7901;lárgate
7898;casarme
7898;patrick
7897;enamorada
7896;compañera
7895;promesa
7890;recibiendo
7882;oficialmente
7878;marina
7876;células
7874;patio
7873;podria
7863;labios
7862;reserva
7862;impresión
7861;crímenes
7857;maravillosa
7856;asalto
7855;esposas
7853;francamente
7848;hermanas
7838;ilegal
7834;rica
7834;darán
7833;trozo
7820;emociones
7818;convertirse
7818;demuestra
7816;encargaré
7814;jenny
7810;veneno
7807;empleado
7803;exacto
7803;plata
7798;diera
7791;dímelo
7790;madera
7787;ponemos
7787;americanos
7780;depósito
7779;terrorista
7777;house
7775;abrió
7775;empezaron
7759;sonrisa
7758;peores
7752;jodidamente
7751;metí
7749;sabíamos
7742;árboles
7739;mundial
7737;imbã
7734;jackie
7733;territorio
7732;volando
7732;probado
7731;decide
7726;llevé
7724;california
7723;detenido
7722;situaciã
7722;americano
7715;continúa
7713;gordon
7706;pasara
7705;refería
7699;sacarlo
7697;cometer
7694;gracia
7691;expediente
7684;elizabeth
7681;taylor
7681;mantenerlo
7675;escritorio
7669;considerado
7662;vendedor
7661;gustas
7659;escondido
7658;verlos
7655;verdaderamente
7645;título
7645;carlos
7643;meterte
7642;cincuenta
7641;uniforme
7640;roca
7638;pastillas
7636;cerrada
7632;saque
7631;jessica
7630;controla
7629;dudas
7629;conseguiré
7619;encerrado
7617;bolso
7615;disculpen
7606;reputación
7606;preciosa
7596;falla
7596;tratamos
7594;tim
7593;contaré
7591;demasiados
7589;miss
7589;mintiendo
7588;pondremos
7588;procedimiento
7586;misiã
7586;jueves
7583;coches
7583;trajeron
7576;reporte
7563;dirigir
7562;martes
7562;entradas
7553;encontremos
7552;nieve
7548;xima
7542;sabiendo
7541;amistad
7535;saldremos
7531;felicidad
7529;únicos
7528;fase
7526;helicóptero
7523;contenta
7522;dejara
7518;fred
7516;entré
7514;elige
7514;mato
7514;tirado
7512;guía
7508;devolver
7505;delito
7502;pediré
7501;productos
7498;cristal
7492;pantalla
7491;lenguaje
7489;concurso
7489;dejarã
7489;pinta
7488;necesite
7487;escapó
7487;aparecer
7486;arena
7480;convertir
7473;derek
7470;puestos
7467;saqué
7466;sector
7465;bla
7463;stan
7463;ofreció
7459;suã
7456;monsieur
7455;reuniã
7454;smith
7453;vuestras
7449;solas
7448;juntas
7446;contarle
7446;gritar
7444;importan
7439;gano
7434;curiosidad
7432;útil
7426;asustado
7419;tenerlo
7419;física
7416;grupos
7415;dilo
7414;respirar
7411;recuerde
7411;robot
7408;libras
7408;tenã­as
7408;º
7407;estupendo
7405;contando
7405;identificación
7402;venimos
7398;city
7396;llévame
7395;caras
7395;grados
7394;rastrear
7392;tono
7390;espejo
7390;secundaria
7385;lección
7375;stark
7374;paredes
7372;enojada
7372;jã
7369;autoridades
7368;aquello
7368;gigante
7367;hacían
7363;creado
7356;olvidaste
7355;robando
7353;rompe
7352;pregunte
7351;know
7349;instrucciones
7347;à
7346;ocurra
7342;peces
7341;olvide
7339;medida
7336;competencia
7334;conociste
7331;ambiente
7330;serían
7329;prisioneros
7318;ruego
7318;inmediatamente
7318;sesión
7317;cuánta
7316;maestra
7312;sigas
7307;pasillo
7307;star
7305;opciones
7302;relájate
7302;jess
7300;apagar
7299;salvado
7296;palacio
7295;doc
7294;pasaría
7293;consigues
7286;paciencia
7285;kilos
7283;revisa
7280;recuerden
7278;cuerda
7277;estaríamos
7276;enseñar
7272;montã
7271;vernos
7265;hacías
7257;use
7255;fines
7254;canciã
7252;seguiremos
7251;frecuencia
7247;tomaremos
7240;molly
7238;pasen
7233;pescado
7233;disparado
7232;frase
7229;like
7229;tesoro
7227;golpes
7221;roy
7219;contesta
7218;contratar
7215;circunstancias
7213;pasaste
7209;vince
7205;mereces
7202;humo
7194;involucrado
7192;dirías
7190;habia
7185;contactar
7184;cargar
7183;prima
7176;hierba
7175;west
7170;jesse
7169;sincero
7168;sabremos
7165;vía
7165;metes
7162;coincidencia
7158;permitido
7157;sombra
7155;renunciar
7151;one
7144;olvidó
7144;representa
7137;marshall
7137;humanidad
7132;hechizo
7127;pájaro
7125;lleven
7123;bolsas
7121;hablã
7116;buscaba
7116;militares
7115;pata
7114;piscina
7112;trabajé
7109;espía
7102;cultura
7099;robaste
7095;quedando
7094;despertar
7092;consiga
7091;salgas
7091;gané
7090;intentarlo
7089;encontraré
7084;esconde
7082;condenado
7081;tomaron
7079;terminé
7076;acceder
7076;jugo
7075;terroristas
7066;marcus
7066;ó
7066;moda
7056;secreta
7055;escuchas
7055;alcance
7054;ayudas
7054;vivos
7049;imperio
7046;cumpleaã
7044;mina
7044;cazar
7043;apetece
7041;meterme
7031;verle
7031;sentirme
7026;cruz
7024;man
7024;madres
7023;preocuparte
7023;sacaron
7022;despierto
7021;seguía
7018;concierto
7017;peleando
7012;danos
7012;moneda
7011;máquinas
7007;museo
7002;sabor
6998;hacerla
6995;tenerte
6995;ridículo
6988;sótano
6983;tierras
6983;gerente
6980;saliste
6977;king
6977;ruso
6975;váyanse
6971;hoja
6969;aviã
6967;borde
6966;desierto
6957;dulces
6957;anti
6956;ganamos
6955;lleguen
6947;hazte
6946;libres
6944;llevarã
6942;realizar
6941;buscaré
6940;doctores
6936;francés
6932;campeón
6927;objetos
6927;tontos
6923;penny
6923;mostrarle
6922;muchísimo
6922;mago
6919;barcos
6918;papas
6913;camina
6912;popular
6910;okay
6910;ciudadanos
6904;protocolo
6902;cuyo
6902;pelotas
6900;gustado
6896;julie
6894;despedida
6888;travã
6887;hueso
6887;carajos
6887;patrón
6886;curioso
6886;campos
6885;formar
6883;actúa
6882;zorra
6882;teme
6879;próximos
6875;estarã­a
6871;pides
6869;esperado
6869;doug
6866;milagro
6866;pases
6862;black
6861;beth
6860;empiezas
6860;bajen
6858;matarte
6841;leyenda
6835;citas
6833;chino
6832;invitó
6831;ann
6830;cabina
6829;sentarme
6823;entramos
6820;aburrido
6819;casarte
6819;muéstrame
6819;llamarte
6819;marco
6817;puro
6812;fiebre
6810;nathan
6810;grandioso
6805;apellido
6805;ayudado
6802;é
6800;arrestado
6799;increíblemente
6799;salto
6799;implica
6798;casualidad
6795;violación
6793;impuestos
6792;orita
6789;liga
6788;feo
6785;guapa
6782;botas
6778;nacido
6775;tonterías
6768;cercano
6766;alicia
6766;muro
6761;rebecca
6759;enseñarle
6756;muera
6755;relacionado
6754;viera
6753;sóio
6752;viajes
6751;agrada
6750;costó
6747;sentimiento
6745;periodista
6743;vampiros
6743;círculo
6741;matará
6737;generalmente
6737;tomemos
6728;recompensa
6723;got
6719;coca
6717;viejas
6715;regresen
6712;pudiéramos
6712;cristo
6711;greg
6708;llegaré
6705;actual
6705;nancy
6704;conciencia
6700;aceite
6699;preparados
6699;niega
6698;reconozco
6694;cooper
6694;fábrica
6689;go
6688;cole
6688;queria
6685;abrigo
6680;pedazos
6679;sigamos
6678;típico
6675;cambiando
6673;dispuesta
6671;mãºsica
6669;convencer
6666;regresó
6663;helen
6662;cogido
6654;albert
6653;encuentren
6641;vincent
6639;rango
6635;ronda
6631;lois
6630;confirmar
6630;diversión
6629;alcanzar
6628;wilson
6628;peleas
6625;conde
6624;considerar
6624;vecino
6624;federales
6623;podrã­an
6621;seguiré
6620;pasta
6619;seguirá
6616;viniera
6613;partida
6608;estómago
6608;industria
6606;ladrones
6606;exterior
6601;volvería
6600;direcciã
6599;escaleras
6594;nate
6592;intentaré
6589;pistas
6588;comen
6580;pagaré
6577;nací
6577;algun
6577;ubicación
6575;estrategia
6572;barra
6572;virgen
6571;sentarse
6571;llévate
6571;cima
6570;quisiste
6570;civil
6566;enviando
6566;jugamos
6566;teléfonos
6565;lanza
6565;diamantes
6565;revisé
6563;dosis
6559;enfadado
6554;encargado
6552;civiles
6546;jugada
6542;ntos
6541;clínica
6538;relaciã
6533;at
6532;escalera
6527;tyler
6526;debimos
6524;habrán
6523;fría
6522;gã
6520;empiezan
6519;científico
6518;prefieres
6516;intereses
6512;tubo
6506;odias
6502;sufrido
6501;ventanas
6501;asumir
6494;comunicación
6494;establecer
6493;não
6492;cubierto
6491;madame
6491;disparos
6487;bromeando
6487;funcionan
6486;actor
6485;chiste
6485;lío
6484;máximo
6481;sacas
6479;once
6479;condición
6476;jordan
6471;amar
6467;empieces
6467;refugio
6460;abby
6458;figura
6458;calidad
6454;comisión
6453;perdemos
6450;casar
6447;lucas
6439;quedã
6437;pulso
6437;venden
6433;ndose
6429;sacamos
6426;alquiler
6426;vigilar
6415;deseos
6414;gritando
6413;julio
6412;francisco
6410;conejo
6408;superficie
6403;juzgar
6402;brad
6399;pierdo
6399;recientemente
6393;palo
6390;informar
6390;lealtad
6390;salvaje
6386;dinos
6386;contestar
6385;llevã
6382;billetes
6382;ocultar
6377;prisionero
6376;busquen
6375;muriã
6361;atacó
6359;quedaba
6355;disponible
6352;colegas
6348;cometió
6346;volvieron
6342;cambie
6342;seguí
6342;superar
6341;agenda
6340;usaba
6340;rueda
6339;hijas
6334;nación
6334;ejã
6333;empresas
6331;mueren
6323;capital
6322;barney
6322;asumo
6321;prometiste
6319;incluye
6319;díselo
6319;quisieras
6318;metal
6315;jo
6313;preparada
6311;mostraré
6303;entren
6301;cartel
6299;mínimo
6299;hannah
6295;muchísimas
6289;solíamos
6283;mezcla
6282;mason
6275;socios
6274;asusta
6273;misiles
6270;mataría
6270;opinas
6268;vigila
6267;mental
6266;cruel
6259;gesto
6258;ganador
6258;unión
6254;salvaste
6253;anne
6253;sabrás
6250;regresaré
6249;escritor
6247;receta
6246;web
6238;alfa
6235;trajes
6235;llevaste
6231;plaza
6225;grabación
6224;tiró
6224;acento
6222;cómodo
6220;diseño
6219;congreso
6219;agarrar
6219;hueles
6218;profesora
6217;tocó
6216;johnson
6208;cubre
6207;miami
6203;repetir
6200;green
6200;matas
6196;carol
6193;sera
6193;salía
6188;tocado
6185;sacando
6184;paliza
6183;ocasión
6182;privada
6182;ayudarle
6176;encantador
6176;ofrece
6174;mentiroso
6166;lanzamiento
6164;vecindario
6159;aparato
6148;ciudadano
6147;reconocer
6146;prioridad
6142;mac
6139;impacto
6135;asesinó
6133;she
6131;tocando
6122;there
6122;dick
6121;bienes
6120;llevarnos
6119;influencia
6118;almas
6118;límite
6118;asegurarnos
6116;vigilando
6115;encantadora
6113;siguió
6111;adolescente
6107;antiguos
6101;misterio
6098;cuartel
6096;cortó
6094;conozca
6085;concepto
6084;averigua
6081;metiste
6080;votos
6079;miller
6075;castigo
6072;juguete
6069;cuente
6069;pensamientos
6063;gastar
6060;perdida
6060;pensamiento
6056;muestran
6055;contactos
6055;inútil
6043;maten
6042;prepárense
6041;fantã
6041;llevarse
6040;ciego
6039;puesta
6037;llorando
6034;busque
6033;academia
6032;testimonio
6026;medidas
6021;suba
6021;reconocimiento
6019;recuerdan
6018;reuniones
6016;conectado
6012;túnel
6010;costado
6008;obras
6008;sentirte
6007;impresionante
6003;harold
6002;estuvieran
6002;creyó
6001;prometido
5998;términos
5997;colección
5997;enteré
5996;invito
5995;how
5995;putos
5994;ias
5993;juguetes
5991;am
5990;saquen
5988;apostar
5986;miré
5978;lavar
5976;notado
5974;propuesta
5974;lento
5974;if
5973;alegría
5972;nuclear
5972;decisiã
5971;catherine
5966;creó
5965;localizar
5965;piedras
5965;sentados
5965;estructura
5960;revisando
5959;ordenó
5959;llenar
5954;apuestas
5944;suban
5943;rápidamente
5937;pánico
5936;movimientos
5935;criaturas
5930;experimento
5927;esconder
5927;pagamos
5925;rodillas
5920;noble
5917;esperaré
5916;temas
5914;materia
5913;hojas
5912;necesitará
5911;valle
5910;ejercicio
5908;lã­nea
5906;sucediendo
5906;garganta
5904;sirven
5901;decidimos
5896;golf
5890;amenazas
5889;tejido
5888;tele
5887;contrató
5887;sugiere
5886;presupuesto
5884;sospechosos
5883;dejaba
5883;oídos
5882;randy
5873;programas
5872;azúcar
5872;pudieran
5872;vacío
5871;supiste
5871;comes
5867;cirujano
5864;difunde
5863;monstruos
5861;obligado
5855;callejón
5850;cambié
5848;logrado
5845;usarlo
5844;sally
5843;bandera
5843;bolsillo
5838;vendió
5836;presenta
5834;cuarta
5832;billete
5828;ratas
5827;especialista
5826;comando
5823;pida
5820;ayudaría
5816;asegurarse
5815;deseas
5815;volverán
5813;moral
5813;ideal
5812;reunir
5810;periódicos
5808;collar
5807;mantenerte
5806;lares
5806;echando
5803;aproximadamente
5803;taller
5803;traerá
5801;levántate
5798;vegas
5796;háblame
5791;sintió
5786;prometió
5786;pasaré
5786;preciso
5786;lastimar
5784;betty
5779;suicidio
5773;segãºn
5773;marty
5770;vendrã
5766;interrumpir
5766;long
5764;escuadrón
5761;juegas
5755;carrie
5754;ceremonia
5750;cuarenta
5749;obtuvo
5743;inmediato
5743;listas
5743;llegã
5742;frankie
5740;basado
5740;guantes
5739;dias
5737;compraste
5735;alã
5735;infección
5733;transmisión
5733;llegues
5729;contiene
5729;sacaré
5728;entras
5727;pájaros
5726;permítame
5724;miel
5719;gastos
5714;columna
5713;mickey
5712;decírtelo
5709;casey
5708;encender
5704;enseñarte
5703;brown
5703;cinturón
5702;lujo
5696;informado
5696;recoge
5695;cuidando
5694;investigaciã
5694;quinto
5692;cartera
5689;lou
5685;símbolo
5684;ciertos
5683;escuchó
5678;origen
5677;delta
5675;bancos
5675;caminos
5675;logro
5674;dejarán
5672;almacén
5669;juan
5667;planeado
5664;permiten
5662;pensabas
5662;aprende
5661;pagué
5656;nacimiento
5654;atravesar
5650;médica
5649;alejado
5647;aaron
5645;enciende
5645;cierren
5645;hicieras
5642;ruedas
5641;ensayo
5636;monte
5636;recibiste
5636;oculta
5636;pierdas
5633;malcolm
5632;pesadilla
5630;páginas
5629;dei
5628;acero
5627;tómalo
5627;tenã­amos
5627;multitud
5626;neil
5622;caída
5622;nadar
5620;quienquiera
5618;india
5615;harían
5611;guerrero
5611;vídeo
5609;echarle
5607;autorización
5607;hubiéramos
5607;plena
5606;boston
5606;contarme
5606;cambiará
5601;michelle
5600;paro
5598;hollywood
5595;brujas
5594;síntomas
5594;invitar
5592;fresco
5592;jugadores
5590;ducha
5588;temporal
5587;ingeniero
5585;merezco
5583;siéntese
5580;ganan
5577;contaste
5577;embajador
5575;lincoln
5573;victor
5573;ª
5571;camiseta
5570;espacial
5568;nina
5568;escape
5566;querrías
5564;negativo
5556;capa
5556;ofrecerle
5554;desgraciado
5553;reducir
5549;tensión
5548;favorita
5546;rastros
5546;jefes
5545;texas
5544;trabajadores
5543;oler
5541;tumor
5540;muñeca
5538;determinar
5537;igualmente
5537;códigos
5536;máxima
5536;instinto
5535;rápida
5534;múltiples
5533;justin
5533;street
5532;suenas
5531;escoger
5530;muertes
5526;gatos
5526;importaba
5523;entendí
5522;advertencia
5517;corona
5514;pierdes
5512;ie
5512;gravedad
5511;asistencia
5508;raymond
5505;adultos
5504;difíciles
5500;alemania
5498;dejarás
5496;conduciendo
5492;prisiã
5492;dolores
5490;sensores
5490;ndome
5489;pandilla
5487;katie
5484;correcta
5484;habitaciones
5483;ian
5482;lleves
5477;vampiro
5477;complejo
5476;vuela
5475;trauma
5474;wayne
5473;quedarás
5473;empiecen
5470;elecciones
5469;jaula
5468;casco
5466;positivo
5465;morirá
5457;quemar
5455;pare
5451;serpiente
5447;matthew
5445;about
5443;técnica
5442;sentarte
5438;poli
5438;arreglo
5438;lentes
5434;directora
5433;gafas
5433;suelen
5432;familiares
5431;retiro
5430;resistencia
5429;debamos
5428;construido
5425;traerme
5425;similar
5424;maneja
5423;ayudarla
5419;wall
5418;miraba
5417;quitó
5416;busqué
5414;publicidad
5413;organizar
5406;usé
5405;fotografía
5405;perdieron
5398;presentó
5396;aceptado
5394;tatuaje
5392;traficante
5390;kenny
5388;ayudaré
5388;método
5387;dylan
5383;estadounidense
5383;permitiré
5379;lectura
5378;fantasmas
5372;saldré
5372;entro
5371;asientos
5369;significado
5366;deseando
5358;cables
5357;pozo
5357;adorable
5356;vendido
5356;extrañas
5353;sobrino
5351;escala
5351;vestidos
5348;jacob
5348;satélite
5347;rusia
5346;absoluto
5344;aguas
5343;llegara
5343;encontrarlo
5342;acabará
5342;elegante
5342;ponerla
5341;entraron
5340;ultima
5340;mantenerme
5336;convertirme
5332;aliento
5328;beneficio
5325;saliã
5322;maquillaje
5321;casados
5321;cortes
5319;potencia
5319;hombro
5315;ambulancia
5313;vicepresidente
5307;criar
5306;plantas
5305;alguacil
5304;conocida
5304;pense
5303;festival
5303;llenos
5299;científicos
5296;quedaremos
5296;solicitud
5294;causó
5294;secretaria
5292;secuencia
5291;besar
5290;residencia
5282;existencia
5280;ciudades
5277;gina
5277;apunta
5277;cabaña
5276;tarta
5274;pasión
5274;construyó
5273;probabilidades
5264;supuse
5262;connor
5261;envío
5259;métete
5258;imaginé
5256;sacarle
5254;valores
5253;representante
5253;pasaje
5251;fantástico
5249;decían
5249;pública
5247;tico
5247;verdaderos
5244;matarlo
5243;famosa
5243;vendrás
5243;marie
5240;cocinar
5239;coordenadas
5239;compraré
5238;recibirá
5237;afueras
5234;hablarme
5232;corazones
5232;deshacerse
5231;físico
5230;pusimos
5230;llegarán
5228;estacionamiento
5226;estuviese
5222;hacerles
5222;lance
5222;matamos
5219;paã­s
5218;unirse
5216;pagas
5216;explicación
5216;tomarã
5215;golpeado
5215;mantienen
5211;onda
5211;casó
5211;alfombra
5207;cobarde
5206;cadáveres
5203;feria
5203;mara
5202;walker
5201;aprendiste
5201;oscar
5199;adecuado
5198;enfermedades
5197;locales
5195;garaje
5194;déme
5192;necesites
5191;andan
5189;harta
5189;divorcio
5182;chip
5180;funcione
5177;estadounidenses
5176;atender
5173;opciã
5172;anthony
5172;entran
5170;atrapada
5168;cameron
5168;maldiciã
5163;colgar
5162;chef
5160;mentes
5160;mafia
5157;intentã
5157;trabaje
5156;crecí
5153;término
5153;horario
5146;puñado
5145;indican
5144;vaca
5143;diane
5142;sucia
5141;mírate
5141;nido
5141;sabio
5140;desperté
5140;almirante
5139;dennis
5138;tiroteo
5138;descubre
5136;asustada
5136;sacrificio
5135;hamburguesa
5134;fuga
5133;iniciar
5132;países
5132;judío
5131;posesión
5129;id
5129;ponernos
5127;terminemos
5124;bebidas
5124;encuentres
5122;pagando
5119;quinta
5119;aclarar
5118;ganando
5117;salve
5117;sofá
5114;compre
5113;episodio
5111;cerebral
5111;tradición
5109;práctica
5107;piensen
5106;necesitabas
5105;pierda
5105;saint
5103;mostró
5102;tirando
5097;grabar
5096;sabrán
5096;mantequilla
5091;naranja
5090;ocurrir
5090;abogada
5089;invitación
5089;perseguir
5087;oyeron
5087;huella
5086;presentación
5083;ayudarlo
5083;post
5083;eventos
5082;sujetos
5082;lavado
5080;demos
5080;sexuales
5078;gasolina
5077;emperador
5076;pareciera
5075;electricidad
5073;abandonado
5073;comunicaciones
5069;dispuestos
5068;rollo
5067;valioso
5066;calla
5066;reparar
5066;templo
5064;darás
5064;preguntarme
5064;martha
5063;denme
5061;trasera
5059;plástico
5056;llamaría
5053;pasajeros
5053;gimnasio
5053;joseph
5052;boleto
5051;traerte
5049;novela
5047;desaparece
5045;oscura
5044;texto
5041;quitado
5041;explotar
5041;ma
5039;emocionante
5039;preparen
5039;aprendiendo
5038;ellen
5037;comparado
5036;mio
5035;castle
5032;torres
5032;fallo
5029;preguntaste
5028;caes
5027;wow
5025;cuya
5022;aprovechar
5021;traen
5021;potencial
5021;hong
5021;pelã­cula
5018;méxico
5016;sospecha
5015;ordenar
5012;subtitulos
5012;embajada
5012;dirã­a
5010;fan
5010;bajas
5009;acababa
5009;acordamos
5006;alimentar
5005;encaja
5005;masa
5005;funcionó
5005;agujeros
5002;personalidad
5001;charlotte
4995;biblia
4995;patas
4995;freddie
4994;odian
4994;actos
4994;preocupo
4991;olvídalo
4990;eva
4988;principios
4987;supieras
4987;jeremy
4985;echó
4982;gritos
4978;amanda
4978;cortaron
4976;objetivos
4975;tocas
4974;pidieron
4971;empezaremos
4968;manny
4966;avenida
4960;joyas
4955;éstas
4954;completar
4953;allen
4952;mitch
4952;directa
4950;déjanos
4950;usaste
4950;secuestro
4948;ayudo
4948;quieto
4946;pondría
4946;actuación
4945;habã
4944;creã­a
4943;hablen
4942;pasteles
4939;vería
4937;ví
4936;inocentes
4936;vital
4934;terminará
4934;ricky
4931;termino
4931;arriesgar
4931;sentencia
4931;comió
4929;logró
4928;máscara
4927;ocuparé
4924;contã
4924;orina
4922;líderes
4922;presta
4918;apropiado
4916;extremo
4916;meterse
4915;arreglado
4915;muevas
4913;rodeado
4912;actualmente
4911;comprender
4910;atreves
4910;rocas
4907;función
4906;roba
4904;particular
4903;lata
4901;dragón
4900;escribo
4897;enviaste
4897;desagradable
4895;discos
4895;durar
4895;vela
4895;decidiste
4893;indios
4893;equivocada
4893;enfadada
4889;parker
4888;utiliza
4887;altos
4886;ho
4885;desarrollo
4882;robé
4881;prométeme
4881;saludos
4877;jennifer
4875;plataforma
4875;sufre
4875;llamarã
4875;océano
4874;suyos
4873;normas
4873;destrucción
4872;queden
4871;discutiendo
4870;opiniã
4870;humilde
4868;golpea
4864;marzo
4863;encontrarme
4863;herramientas
4862;actores
4862;distinto
4861;compro
4859;medianoche
4858;explicaré
4857;clima
4855;dispararle
4855;planos
4853;productor
4853;bebido
4852;corredor
4852;manzana
4851;margen
4851;rumor
4851;walt
4847;earl
4847;equivoco
4846;nuevamente
4845;engañar
4840;andando
4840;heridos
4837;dexter
4836;payaso
4835;caray
4831;aumentar
4830;quitarle
4829;quinn
4826;neal
4825;reverendo
4825;mantendré
4824;internacional
4823;arco
4823;diremos
4823;pecado
4822;sepamos
4821;hagámoslo
4821;ando
4821;elena
4819;participar
4818;conducta
4814;dejarnos
4812;llevaría
4810;reciente
4810;garantizo
4808;finales
4804;suma
4803;crean
4798;construyendo
4798;aniversario
4798;escuelas
4797;enseña
4793;pesa
4792;alianza
4788;aseguraré
4785;pam
4784;personales
4783;pastor
4781;esclavos
4781;caiga
4780;patada
4780;reales
4779;sucedido
4778;subiendo
4777;comí
4776;registrado
4776;edificios
4775;aguja
4774;prohibido
4773;costo
4770;beneficios
4769;detuvo
4763;quedarã
4762;want
4760;lewis
4758;dejarlos
4758;ali
4758;nerviosa
4755;aparecen
4755;oportunidades
4753;sophie
4753;pleno
4750;tragos
4748;enviamos
4748;dueã
4747;sociales
4747;medalla
4745;adulto
4737;tiendas
4736;pendiente
4733;platos
4732;hígado
4731;creíste
4730;practicar
4725;grant
4725;manejo
4723;peligrosa
4718;enterrado
4718;cuero
4717;von
4713;pondrã
4711;menuda
4710;necesitarás
4709;lex
4708;candidato
4707;despedir
4706;huyendo
4703;rehenes
4701;cuídate
4701;parecã­a
4701;metieron
4701;tomarte
4700;franceses
4700;escudo
4699;janet
4696;leslie
4695;bailey
4695;dí
4695;disculpo
4691;fama
4691;dificil
4690;incapaz
4687;acã
4687;sonó
4685;descansa
4685;caridad
4683;guión
4682;cuentes
4681;trucos
4680;miércoles
4679;steven
4679;rompiste
4678;preguntan
4677;bauer
4676;suite
4673;denle
4671;entienden
4669;profesores
4668;león
4667;meto
4666;bicicleta
4666;míos
4663;tomarme
4661;tio
4659;let
4658;donald
4658;sirva
4656;todavia
4656;nicole
4656;sufrió
4654;enterado
4647;comentarios
4646;angela
4644;maravilla
4643;importe
4642;primavera
4642;disfruto
4639;minas
4639;visitas
4637;hemorragia
4637;termines
4629;daños
4626;llevara
4626;chinos
4624;habríamos
4624;jugado
4622;servirá
4618;esperanzas
4618;whoa
4618;pulmones
4616;limpieza
4614;chase
4613;asociación
4612;quedaría
4612;molestar
4609;actriz
4607;dormitorio
4607;â
4606;cuentan
4605;capítulo
4605;cazador
4605;construcción
4603;necesidades
4602;gorda
4602;escenas
4600;esperabas
4598;homicidios
4597;policial
4595;exposición
4594;ar
4592;asesina
4591;cañón
4591;váyase
4591;bromas
4587;preguntã
4585;discusión
4584;vodka
4583;compañías
4583;vanessa
4583;motores
4581;estatal
4580;cabe
4578;terminaste
4577;caro
4577;salario
4574;póngase
4573;moviendo
4572;contarte
4571;mayorã­a
4571;exacta
4567;breve
4566;encontrarás
4565;conozcas
4565;bishop
4564;saliera
4564;porno
4564;guy
4563;sandy
4563;apesta
4560;miran
4558;suceder
4557;yeah
4551;presidenta
4550;piano
4549;leal
4548;rubio
4545;acabã
4545;goma
4544;andas
4542;bailando
4540;cambiaron
4540;eche
4540;merecen
4540;mide
4537;curar
4537;logan
4536;tina
4535;odiaba
4532;sue
4532;clay
4530;levã
4529;inventar
4528;mintió
4526;vitales
4525;trates
4524;religión
4521;tirador
4520;ojalã
4520;gustar
4517;cumplido
4514;escribiste
4514;operar
4514;amã
4509;tales
4507;soltera
4506;alli
4504;beverly
4504;policia
4503;reconoce
4499;fortaleza
4497;margaret
4496;ganancias
4495;conviene
4494;muévete
4494;q
4492;cobertura
4492;consejero
4492;terror
4491;south
4488;olvido
4487;pico
4486;enviã
4486;coraje
4486;debilidad
4486;ã­a
4485;olvidas
4484;agradecido
4483;tendrã­a
4482;poderosa
4477;antonio
4476;drama
4476;reyes
4474;conservar
4474;intenciones
4474;comercio
4473;sammy
4472;investigador
4472;vacía
4471;triple
4469;enseñaré
4464;quedaron
4464;alcanza
4463;fuéramos
4460;mierdas
4459;hoyo
4458;russell
4457;muelle
4457;juegan
4455;armado
4452;cogió
4450;preocupados
4449;dada
4447;manejando
4446;kirk
4445;destruido
4445;orgullosos
4445;radiación
4444;tabla
4443;próximas
4443;salvajes
4439;instalaciones
4439;traerlo
4435;bendiga
4435;debieron
4434;comidas
4432;pavo
4430;ganaste
4428;hitler
4427;compramos
4427;stephen
4426;protege
4425;revelar
4425;disfrute
4424;manzanas
4424;comenzamos
4423;éstos
4421;ocurrirá
4420;cantando
4419;fraude
4418;eli
4417;atacaron
4417;dólar
4416;sufrir
4412;palmer
4411;obsesión
4410;sentar
4410;grey
4408;ansioso
4407;altamente
4406;corbata
4405;plazo
4405;tendrían
4403;ministerio
4402;sirvo
4400;voces
4398;deberá
4398;boletos
4396;tercero
4395;ponle
4391;bebo
4391;cometiendo
4390;lea
4390;quizas
4389;bloque
4389;cueva
4388;cortado
4388;escoge
4387;diana
4386;vivió
4386;rifle
4381;gane
4381;sano
4378;florida
4378;pongamos
4377;preocuparse
4376;ofender
4372;culpar
4369;alteza
4367;enlace
4367;metiendo
4365;medicamentos
4365;jate
4364;admito
4362;toby
4359;amado
4357;unir
4356;duermo
4355;vestida
4355;facultad
4354;pensarlo
4352;preguntes
4347;mirado
4347;muévanse
4341;avisar
4340;comisaría
4336;cometí
4333;sientan
4332;ánimo
4332;solían
4330;dió
4330;juzgado
4330;esclavo
4329;tica
4328;impulso
4327;revistas
4327;afortunadamente
4326;rcito
4325;je
4323;pásame
4322;spencer
4320;debías
4319;límites
4317;puño
4315;maestros
4315;petróleo
4315;quite
4315;quina
4313;debíamos
4305;relã
4304;tuviéramos
4303;asustar
4296;creció
4296;habrás
4295;jersey
4293;solitario
4293;profundamente
4293;supuestamente
4292;economía
4291;manual
4291;girar
4291;convierta
4291;asesinada
4285;temes
4285;creías
4284;déjate
4282;americana
4281;conflicto
4281;afortunado
4279;estudiando
4272;paren
4271;bonitas
4269;administración
4268;prefiere
4266;harris
4266;licor
4264;estatua
4262;arrestar
4261;colonia
4261;querrán
4261;from
4257;cavar
4255;ponía
4255;solã­a
4253;evita
4252;raras
4252;plano
4252;keith
4251;gustaria
4250;reddington
4247;obsesionado
4245;cementerio
4244;entrenar
4244;decã­a
4242;natalie
4242;computadoras
4241;solucionar
4240;investigaciones
4239;quítame
4239;soltero
4238;sufriendo
4236;horribles
4236;pasaporte
4236;admiro
4236;cambian
4235;volviã
4235;intentaste
4232;iris
4231;enseñado
4230;â
4229;abandonó
4226;atractivo
4225;discúlpeme
4224;moverse
4223;batman
4219;cuestiã
4218;cayeron
4218;concierne
4216;barba
4216;condena
4215;descripción
4214;judy
4214;firmado
4213;sexto
4210;expertos
4209;reed
4209;acercarse
4207;produce
4204;cal
4203;inconsciente
4199;parecían
4199;quitarme
4198;numero
4198;bello
4197;población
4195;admirador
4194;cuartos
4194;quiten
4192;deberã­an
4192;cigarrillos
4191;hal
4190;usen
4189;terriblemente
4189;conozcan
4188;logramos
4187;sonaba
4187;ventas
4180;mayo
4176;adrian
4176;capturar
4176;risa
4175;tracy
4172;escándalo
4172;guerras
4169;uds
4169;dejaran
4163;barras
4163;etapa
4162;altas
4162;hallamos
4161;siguientes
4158;escondiendo
4157;camiones
4156;olviden
4152;crece
4150;megan
4147;anillos
4142;obtiene
4141;sabã­as
4141;case
4140;ángulo
4139;comencé
4138;ataca
4137;tarda
4137;amarillo
4137;lágrimas
4136;expresión
4135;inglã
4135;rescatar
4128;mantenernos
4127;provocar
4127;cumple
4126;junior
4125;leíste
4125;genes
4123;promesas
4122;propietario
4120;willie
4120;reactor
4119;queridos
4116;solar
4116;imaginación
4114;shaw
4114;soporto
4110;dr
4109;apuntando
4109;estarían
4105;evan
4101;bahía
4101;disculparme
4098;sobrina
4097;terminaron
4093;valga
4093;vendo
4093;gabriel
4092;manchas
4091;presentado
4091;cabrã
4090;carácter
4090;duque
4090;escudos
4089;harrison
4087;radar
4086;vidrio
4086;fracaso
4086;borrar
4084;asesinar
4083;cogí
4082;acostado
4081;dibujos
4081;think
4080;aldea
4078;barro
4076;activo
4076;direcciones
4073;costumbre
4073;detalle
4070;quedara
4067;
4067;raíz
4066;analizar
4065;propiedades
4065;extraordinario
4064;judíos
4063;contarles
4062;riley
4061;robots
4060;celoso
4060;regresé
4060;grita
4059;comprã
4057;juramento
4057;mancha
4056;lloyd
4054;quedaste
4054;almorzar
4051;pasear
4051;disparen
4051;liz
4050;sonny
4050;ado
4049;constante
4049;diego
4048;mentiste
4047;semejante
4045;pre
4042;cocaína
4042;ned
4040;acabemos
4038;ocupo
4038;anciano
4037;artistas
4034;cruce
4034;canta
4033;llevarle
4033;rompí
4031;combinación
4031;conversar
4031;imaginas
4030;confesión
4030;mandé
4029;autor
4026;entres
4025;atado
4024;saltó
4023;contamos
4023;referencia
4023;encanto
4022;aman
4021;ocupados
4018;increã­ble
4015;salvé
4013;recomiendo
4010;elementos
4008;basada
4007;look
4005;fiel
4005;describe
4002;hazle
4002;elemento
3998;acabaron
3998;miserable
3997;gus
3996;piratas
3995;owen
3995;idioma
3993;internos
3991;habitantes
3989;extraños
3988;tribu
3988;visual
3988;rota
3985;azules
3985;ningun
3983;vil
3982;significan
3981;software
3980;progreso
3979;oã­r
3978;emocional
3976;tomaba
3976;monedas
3971;vacas
3969;diarios
3968;alfred
3968;
3967;auténtico
3967;precioso
3963;desnuda
3963;by
3963;editor
3952;pro
3949;querã­as
3945;temor
3945;llamaban
3944;ayudaste
3944;respetar
3943;inventó
3939;chofer
3937;afecta
3937;mande
3936;grito
3935;votar
3932;tuvieran
3932;here
3930;clásico
3930;enormes
3930;narices
3929;cervezas
3928;moto
3926;volvimos
3925;llevarás
3925;asqueroso
3924;perímetro
3923;considero
3922;cayendo
3918;llamaremos
3916;maleta
3916;vendes
3915;ocasiones
3915;cerdos
3913;wendy
3912;equilibrio
3911;juegues
3909;esperé
3908;órganos
3908;dueños
3906;comemos
3906;disparando
3906;prostituta
3905;deberia
3905;energã­a
3904;levante
3902;misil
3901;ausencia
3901;secuestrado
3899;du
3899;decías
3899;well
3896;solías
3896;amos
3896;pasaremos
3894;convertirte
3893;ooh
3893;docenas
3892;decido
3892;patty
3889;descubrimos
3888;necesitaría
3888;inteligentes
3888;apariencia
3887;demostrado
3882;acostaste
3880;zack
3879;pesca
3878;estupidez
3877;avance
3876;sentirás
3873;mantuvo
3873;beca
3873;lana
3873;limpiando
3873;preso
3872;responda
3872;artefacto
3871;pato
3871;ãâ
3871;protegiendo
3870;rebeldes
3869;artes
3868;césar
3868;time
3868;permita
3866;armada
3864;desaparición
3864;now
3861;goa
3861;colina
3858;furgoneta
3857;gps
3854;destruyó
3854;especies
3853;herir
3852;arruinaste
3851;corresponde
3850;escuchã
3848;invasión
3848;bajó
3846;diente
3846;curtis
3845;alimentos
3843;little
3842;normales
3841;tiras
3839;respeta
3835;tortura
3835;huelo
3834;organizado
3832;hierro
3832;sintiendo
3832;jill
3832;franklin
3831;cafetería
3831;empezaste
3830;uses
3830;sabré
3828;test
3828;deshazte
3826;hope
3825;rosas
3825;grasa
3821;condicional
3819;elegí
3818;vagina
3817;mini
3816;lobos
3815;correctamente
3814;certificado
3814;ocupar
3812;conseguiremos
3812;klaus
3812;pito
3811;acostarse
3811;situaciones
3810;refuerzos
3810;escuches
3807;est
3807;encontrarla
3807;niego
3803;atacado
3802;paris
3800;corea
3800;dijeras
3799;tenã
3799;viaja
3793;debã­
3792;pegar
3791;aéreo
3789;christian
3787;meredith
3786;estaciones
3785;esperad
3785;síndrome
3784;gonna
3784;hablará
3783;lógica
3782;francesa
3781;ego
3779;espías
3779;egoísta
3779;ronnie
3778;cobra
3777;noah
3777;argumento
3777;derribar
3777;súbete
3776;seth
3775;crecido
3773;encantó
3773;mueres
3766;patear
3765;escapado
3764;núcleo
3762;debbie
3760;tiraste
3757;craig
3757;randall
3757;serlo
3756;acusaciones
3754;habã­an
3753;piénsalo
3752;repite
3752;cambias
3751;resuelto
3747;habã­as
3746;polla
3746;hermandad
3744;técnico
3742;rompiendo
3741;voluntario
3739;conseguirte
3738;maletín
3735;toneladas
3735;grano
3733;justamente
3733;sacarnos
3732;rob
3732;when
3731;aguanto
3730;comienzan
3726;atractiva
3726;liberar
3726;bandas
3725;ford
3724;alias
3723;planetas
3723;arruinó
3722;cruza
3722;matarán
3721;cuelga
3720;miente
3719;congresista
3716;ácido
3715;jeffrey
3715;confã­a
3715;profunda
3713;porquería
3710;trabajaban
3709;macho
3709;apoyar
3706;promedio
3706;nubes
3705;nico
3703;gris
3701;canto
3701;gatillo
3701;fundación
3699;fusión
3696;meten
3695;aceptó
3694;placas
3692;dentista
3692;atiende
3691;admite
3689;davis
3687;fort
3686;lentamente
3684;orejas
3681;consecuencias
3679;ayudes
3679;química
3678;comedor
3677;modelos
3677;abrimos
3676;terminan
3676;delitos
3674;sostén
3673;oxígeno
3671;legalmente
3669;arizona
3668;invita
3668;sugerencia
3666;traía
3665;jon
3665;dirijo
3663;evidentemente
3660;busquemos
3659;fantasía
3657;regresará
3654;quedate
3654;halloween
3651;generación
3650;detiene
3649;tenias
3649;her
3645;inferior
3645;hacerlos
3640;creciendo
3639;kitty
3639;infancia
3638;libra
3638;mantenlo
3637;contenido
3636;avísame
3636;responsables
3635;robã
3633;actúas
3633;osos
3631;dejadme
3631;enterrar
3629;cerrando
3626;entrevistas
3625;hill
3624;suelto
3622;dieta
3619;mantendrá
3618;parientes
3617;mantenerla
3616;verga
3616;doyle
3616;terribles
3614;ofrecido
3614;obtuve
3614;observa
3614;agregar
3614;trabajador
3614;quitaron
3613;alternativa
3613;activa
3607;colgado
3605;enfermeras
3604;vías
3604;enfoque
3603;champaña
3602;auténtica
3601;lesión
3601;continua
3601;probé
3600;liam
3599;regresamos
3599;expedientes
3597;mantuve
3596;italia
3595;recepción
3594;sito
3588;decides
3587;creyendo
3586;parecerá
3585;mandan
3579;equivocas
3578;encontrarán
3578;ocupa
3576;kurt
3575;pedã­
3574;particularmente
3574;suelte
3574;richie
3574;instrumento
3571;estabamos
3570;fritas
3570;revisado
3568;eché
3568;autopista
3568;ofreciendo
3566;generoso
3563;gustaban
3563;asco
3561;pirata
3561;detenga
3558;caí
3553;pop
3552;finn
3551;autorizado
3551;armados
3551;pensaron
3550;saluda
3547;winston
3547;emocionado
3547;calcetines
3547;sugiriendo
3545;east
3545;coja
3545;bajando
3544;pensará
3544;araña
3543;testamento
3543;kennedy
3541;haríamos
3541;batería
3541;alumnos
3540;postura
3539;brooklyn
3539;menores
3539;quema
3538;ritual
3536;blair
3535;llora
3533;sucederá
3532;tomarse
3530;envían
3530;us
3529;explique
3526;lane
3526;lamentamos
3523;anã
3523;gusanos
3521;periodistas
3521;atrae
3521;reír
3519;acerque
3518;dele
3511;muestre
3511;confirmado
3511;prepare
3510;berlín
3509;ik
3508;sonríe
3508;cuchillos
3507;dibujo
3505;stanley
3504;futura
3503;tasa
3501;digital
3498;evidente
3497;ordena
3497;bastardos
3496;rusa
3496;aburrida
3496;ordeno
3495;naturalmente
3495;quejas
3495;heroína
3494;comeré
3493;inventado
3489;conocerlo
3489;escuchamos
3489;gustará
3487;burke
3487;ilusión
3487;hall
3486;sierra
3483;papeleo
3482;revisión
3482;conocías
3481;bus
3480;tranquilízate
3480;encantarã­a
3475;gallina
3475;trataron
3475;blake
3474;atraer
3473;piedad
3473;empezã
3471;atrevas
3471;diseã
3469;hombros
3467;schmidt
3467;cause
3465;muñecas
3463;quemado
3463;república
3462;bigote
3461;traten
3460;presentarles
3460;registrar
3460;metida
3459;carson
3459;comprarme
3458;cómplice
3457;dobla
3457;matrícula
3456;nã
3455;asesinados
3455;funcionando
3454;espectã
3454;políticos
3453;medicación
3452;terminas
3451;subido
3447;îµî
3446;propongo
3444;viajo
3442;camiã
3442;benjamin
3441;significaba
3441;revolución
3440;mantenimiento
3439;estadio
3438;logré
3438;causas
3435;cruzando
3434;traã­do
3434;soã
3434;apártate
3432;afectar
3432;lanzó
3428;hot
3428;permanente
3428;pescar
3423;visiã
3422;municiones
3420;mudo
3418;non
3417;cuadro
3417;aliados
3416;tortuga
3415;periodo
3415;falsos
3415;suprema
3408;hablarã
3408;dormiste
3405;decente
3403;tráelo
3403;fatal
3402;love
3401;sumamente
3400;incómodo
3400;dejad
3395;arruinando
3395;activar
3390;asumiendo
3390;pidas
3390;justa
3389;vosotras
3389;principales
3388;anunciar
3385;ciencias
3384;alquilar
3384;arruines
3384;comportas
3381;imbéciles
3380;senos
3379;matarã
3375;permíteme
3375;librarse
3372;escribes
3371;malvado
3371;partículas
3370;civilización
3369;cuide
3369;píldoras
3369;empezaré
3368;región
3367;sandra
3365;pares
3365;uma
3364;marihuana
3364;sencillo
3363;comunicado
3363;legado
3363;teddy
3361;pavos
3360;paddy
3360;planeo
3357;válvula
3357;quito
3356;creed
3356;qu
3355;cuidaré
3354;ejercito
3352;agallas
3351;tratemos
3351;quê
3350;fi
3347;desvíen
3347;trabajaremos
3347;etiquetó
3346;inversión
3346;afectada
